name,hash,progenitor_mass,rotational_velocity,magnetic_field_exponent,revival_time,metallicity,eos,direction,rotation,turbmixing_param
Bollig_2016,ml3f2vuquv,11.2 solMass,,,,,,,,
Bollig_2016,3e6onqe7tg,27.0 solMass,,,,,,,,
Fornax_2019,edht7qkvcz,9.0 solMass,,,,,,,,
Fornax_2019,y2s4ap5ri7,10.0 solMass,,,,,,,,
Fornax_2019,pag7ev4zol,12.0 solMass,,,,,,,,
Fornax_2019,fpouvm3vle,13.0 solMass,,,,,,,,
Fornax_2019,ilxmlzarwe,14.0 solMass,,,,,,,,
Fornax_2019,4biiy44pyp,15.0 solMass,,,,,,,,
Fornax_2019,cwitqdigsa,16.0 solMass,,,,,,,,
Fornax_2019,oyqhgvnami,19.0 solMass,,,,,,,,
Fornax_2019,isiocv76bi,25.0 solMass,,,,,,,,
Fornax_2019,sgygez7dcy,60.0 solMass,,,,,,,,
Fornax_2021,37k7q2uyjt,12.0 solMass,,,,,,,,
Fornax_2021,nwm4h5f3z3,13.0 solMass,,,,,,,,
Fornax_2021,wpycv2yqsz,14.0 solMass,,,,,,,,
Fornax_2021,dyfyyfrsml,15.0 solMass,,,,,,,,
Fornax_2021,govzff6md4,16.0 solMass,,,,,,,,
Fornax_2021,ngiqgkcrri,17.0 solMass,,,,,,,,
Fornax_2021,hkv5tlqo6d,18.0 solMass,,,,,,,,
Fornax_2021,bckjkqs6ca,19.0 solMass,,,,,,,,
Fornax_2021,che77bw36q,20.0 solMass,,,,,,,,
Fornax_2021,d35q4wu674,21.0 solMass,,,,,,,,
Fornax_2021,5v4uyaodvw,22.0 solMass,,,,,,,,
Fornax_2021,6uwm66vvn2,23.0 solMass,,,,,,,,
Fornax_2021,bi57y4ksjo,25.0 solMass,,,,,,,,
Fornax_2021,2qvwtp33gx,26.0 solMass,,,,,,,,
Fornax_2021,wora3bx3y7,26.99 solMass,,,,,,,,
Kuroda_2020,6sbgajmt6b,,0.0 rad / s,0.0,,,,,,
Kuroda_2020,wefra6ex4s,,1.0 rad / s,12.0,,,,,,
Kuroda_2020,3vvudpqfsz,,1.0 rad / s,13.0,,,,,,
Nakazato_2013,5d3orvzp4n,13.0 solMass,,,100.0 ms,0.02,shen,,,
Nakazato_2013,l5mq5h2vhm,13.0 solMass,,,100.0 ms,0.004,shen,,,
Nakazato_2013,52zn26clgi,13.0 solMass,,,200.0 ms,0.02,shen,,,
Nakazato_2013,eolj4ymkp3,13.0 solMass,,,200.0 ms,0.004,shen,,,
Nakazato_2013,nald2f2fu3,13.0 solMass,,,300.0 ms,0.02,shen,,,
Nakazato_2013,aerkq6xwrg,13.0 solMass,,,300.0 ms,0.004,shen,,,
Nakazato_2013,syql3ck3mp,20.0 solMass,,,100.0 ms,0.02,shen,,,
Nakazato_2013,n67kl3nxye,20.0 solMass,,,100.0 ms,0.004,shen,,,
Nakazato_2013,2yzfnusuj3,20.0 solMass,,,200.0 ms,0.02,shen,,,
Nakazato_2013,25nxcvhkad,20.0 solMass,,,200.0 ms,0.004,shen,,,
Nakazato_2013,hqibsqjvpt,20.0 solMass,,,300.0 ms,0.02,shen,,,
Nakazato_2013,xgi3vuzgwz,20.0 solMass,,,300.0 ms,0.004,shen,,,
Nakazato_2013,qhascq5ysp,30.0 solMass,,,0.0 ms,0.004,LS220,,,
Nakazato_2013,rrzuqp7bnr,30.0 solMass,,,0.0 ms,0.004,shen,,,
Nakazato_2013,36xv2hupfo,30.0 solMass,,,0.0 ms,0.004,togashi,,,
Nakazato_2013,6hw54442kc,30.0 solMass,,,100.0 ms,0.02,shen,,,
Nakazato_2013,ac6a4z6hj7,30.0 solMass,,,200.0 ms,0.02,shen,,,
Nakazato_2013,54ycz5in4z,30.0 solMass,,,300.0 ms,0.02,shen,,,
Nakazato_2013,5v25sajvic,50.0 solMass,,,100.0 ms,0.02,shen,,,
Nakazato_2013,voh2e7fu46,50.0 solMass,,,100.0 ms,0.004,shen,,,
Nakazato_2013,i2owbxywrf,50.0 solMass,,,200.0 ms,0.02,shen,,,
Nakazato_2013,xewodddqhc,50.0 solMass,,,200.0 ms,0.004,shen,,,
Nakazato_2013,2t3zyrcy7h,50.0 solMass,,,300.0 ms,0.02,shen,,,
Nakazato_2013,b65akymwud,50.0 solMass,,,300.0 ms,0.004,shen,,,
OConnor_2013,w4vjau4g64,12.0 solMass,,,,,HShen,,,
OConnor_2013,u5fkul6cpp,12.0 solMass,,,,,LS220,,,
OConnor_2013,uzzwxqiimh,13.0 solMass,,,,,HShen,,,
OConnor_2013,snukvlgoxj,13.0 solMass,,,,,LS220,,,
OConnor_2013,zfh4wmtyzr,14.0 solMass,,,,,HShen,,,
OConnor_2013,tlgqfiebvc,14.0 solMass,,,,,LS220,,,
OConnor_2013,dwteon42mz,15.0 solMass,,,,,HShen,,,
OConnor_2013,w3wjs5mlsa,15.0 solMass,,,,,LS220,,,
OConnor_2013,s5pt4cu2pz,16.0 solMass,,,,,HShen,,,
OConnor_2013,626dn3biii,16.0 solMass,,,,,LS220,,,
OConnor_2013,hw6dmvjslw,17.0 solMass,,,,,HShen,,,
OConnor_2013,xidqdozuxm,17.0 solMass,,,,,LS220,,,
OConnor_2013,husvpzbvak,18.0 solMass,,,,,HShen,,,
OConnor_2013,tyvfah2uyq,18.0 solMass,,,,,LS220,,,
OConnor_2013,glbvy334ti,19.0 solMass,,,,,HShen,,,
OConnor_2013,jzcabodswh,19.0 solMass,,,,,LS220,,,
OConnor_2013,zh22unghri,20.0 solMass,,,,,HShen,,,
OConnor_2013,o3t7dzlqqf,20.0 solMass,,,,,LS220,,,
OConnor_2013,uwypdaulby,21.0 solMass,,,,,HShen,,,
OConnor_2013,vbj7vhmhas,21.0 solMass,,,,,LS220,,,
OConnor_2013,mlwpy7ww2h,22.0 solMass,,,,,HShen,,,
OConnor_2013,o2s5hg2uaf,22.0 solMass,,,,,LS220,,,
OConnor_2013,aa5dlf7moi,23.0 solMass,,,,,HShen,,,
OConnor_2013,wgrbuwtoas,23.0 solMass,,,,,LS220,,,
OConnor_2013,77rvcetrxz,24.0 solMass,,,,,HShen,,,
OConnor_2013,i3p4ekf2fn,24.0 solMass,,,,,LS220,,,
OConnor_2013,pt3fkhdbj6,25.0 solMass,,,,,HShen,,,
OConnor_2013,vsmimnpu6e,25.0 solMass,,,,,LS220,,,
OConnor_2013,wuw6ebsthh,26.0 solMass,,,,,HShen,,,
OConnor_2013,77w2d4fk4m,26.0 solMass,,,,,LS220,,,
OConnor_2013,y44mljv423,27.0 solMass,,,,,HShen,,,
OConnor_2013,gi2xlvrwx4,27.0 solMass,,,,,LS220,,,
OConnor_2013,yzstwpdeej,28.0 solMass,,,,,HShen,,,
OConnor_2013,pgl33dpsdv,28.0 solMass,,,,,LS220,,,
OConnor_2013,lcusyvtopn,29.0 solMass,,,,,HShen,,,
OConnor_2013,i2claouwqp,29.0 solMass,,,,,LS220,,,
OConnor_2013,oagr4f6fkq,30.0 solMass,,,,,HShen,,,
OConnor_2013,knrpv7cq66,30.0 solMass,,,,,LS220,,,
OConnor_2013,j3rl6h557h,31.0 solMass,,,,,HShen,,,
OConnor_2013,oqievhccr4,31.0 solMass,,,,,LS220,,,
OConnor_2013,3fklr6wedk,32.0 solMass,,,,,HShen,,,
OConnor_2013,pae6ug3hbs,32.0 solMass,,,,,LS220,,,
OConnor_2013,2ssuly5ja2,33.0 solMass,,,,,HShen,,,
OConnor_2013,h2u6ihqaqj,33.0 solMass,,,,,LS220,,,
OConnor_2013,jugjbkrv2s,35.0 solMass,,,,,HShen,,,
OConnor_2013,6fgqfnmcer,35.0 solMass,,,,,LS220,,,
OConnor_2013,tmjvivwvkw,40.0 solMass,,,,,HShen,,,
OConnor_2013,blc77sxjup,40.0 solMass,,,,,LS220,,,
OConnor_2013,twfhu2oltz,45.0 solMass,,,,,HShen,,,
OConnor_2013,np4oztxhoc,45.0 solMass,,,,,LS220,,,
OConnor_2013,vqwztj7nqj,50.0 solMass,,,,,HShen,,,
OConnor_2013,ysmrcetvio,50.0 solMass,,,,,LS220,,,
OConnor_2013,3e2ymhv4jd,55.0 solMass,,,,,HShen,,,
OConnor_2013,3kjo4fxit7,55.0 solMass,,,,,LS220,,,
OConnor_2013,27x6j4egjo,60.0 solMass,,,,,HShen,,,
OConnor_2013,r6gvzadjwp,60.0 solMass,,,,,LS220,,,
OConnor_2013,v2x6uxjocl,70.0 solMass,,,,,HShen,,,
OConnor_2013,6j4vuyfq2o,70.0 solMass,,,,,LS220,,,
OConnor_2013,s5lc6xi7ub,80.0 solMass,,,,,HShen,,,
OConnor_2013,rf4xqghrab,80.0 solMass,,,,,LS220,,,
OConnor_2013,eawsv3ubgx,100.0 solMass,,,,,HShen,,,
OConnor_2013,eya2u7ddjr,100.0 solMass,,,,,LS220,,,
OConnor_2013,ypu5owck5x,120.0 solMass,,,,,HShen,,,
OConnor_2013,g36peguszs,120.0 solMass,,,,,LS220,,,
OConnor_2015,jsq2r5w4xk,40.0 solMass,,,,,,,,
Sukhbold_2015,bdkezj6yv6,27.0 solMass,,,,,LS220,,,
Sukhbold_2015,lkgnlyu2qk,27.0 solMass,,,,,SFHo,,,
Sukhbold_2015,yxfircbdbu,9.6 solMass,,,,,LS220,,,
Sukhbold_2015,divkesqv5j,9.6 solMass,,,,,SFHo,,,
Tamborra_2014,s54euhulwd,11.2 solMass,,,,,,1.0,,
Tamborra_2014,dfu6qqa5in,20.0 solMass,,,,,,1.0,,
Tamborra_2014,l5bmrk2lo4,27.0 solMass,,,,,,1.0,,
Tamborra_2014,l5bmrk2lo4,27.0 solMass,,,,,,2.0,,
Tamborra_2014,l5bmrk2lo4,27.0 solMass,,,,,,3.0,,
Walk_2018,4xxgbd7hei,15.0 solMass,,,,,,1.0,fast,
Walk_2018,4xxgbd7hei,15.0 solMass,,,,,,2.0,fast,
Walk_2018,4xxgbd7hei,15.0 solMass,,,,,,3.0,fast,
Walk_2018,4xxgbd7hei,15.0 solMass,,,,,,1.0,slow,
Walk_2018,4xxgbd7hei,15.0 solMass,,,,,,2.0,slow,
Walk_2018,4xxgbd7hei,15.0 solMass,,,,,,3.0,slow,
Walk_2018,4xxgbd7hei,15.0 solMass,,,,,,1.0,non,
Walk_2018,4xxgbd7hei,15.0 solMass,,,,,,2.0,non,
Walk_2018,4xxgbd7hei,15.0 solMass,,,,,,3.0,non,
Walk_2019,z65flapayy,40.0 solMass,,,,,,1.0,,
Walk_2019,z65flapayy,40.0 solMass,,,,,,2.0,,
Walk_2019,z65flapayy,40.0 solMass,,,,,,3.0,,
Walk_2019,d4xlpd63wf,75.0 solMass,,,,,,1.0,,
Walk_2019,d4xlpd63wf,75.0 solMass,,,,,,2.0,,
Warren_2020,5khfr7t7bz,9.0 solMass,,,,,,,,1.23
Warren_2020,y2fvo6jks2,9.0 solMass,,,,,,,,1.25
Warren_2020,u2rqyziueg,9.0 solMass,,,,,,,,1.27
Warren_2020,mbfd7r5dso,9.25 solMass,,,,,,,,1.23
Warren_2020,wkvwloi7qk,9.25 solMass,,,,,,,,1.25
Warren_2020,65duchsrwq,9.25 solMass,,,,,,,,1.27
Warren_2020,ro3fkc6vbp,9.5 solMass,,,,,,,,1.23
Warren_2020,xcrdoddlb7,9.5 solMass,,,,,,,,1.25
Warren_2020,hgkzuqjz2g,9.5 solMass,,,,,,,,1.27
Warren_2020,353wujkgk2,9.75 solMass,,,,,,,,1.23
Warren_2020,5kn5hhi32d,9.75 solMass,,,,,,,,1.25
Warren_2020,4qrbb4hxrc,9.75 solMass,,,,,,,,1.27
Warren_2020,3saystkean,10.0 solMass,,,,,,,,1.23
Warren_2020,4a3wzvqhzm,10.0 solMass,,,,,,,,1.25
Warren_2020,65hqrqklak,10.0 solMass,,,,,,,,1.27
Warren_2020,cl7lmkrh4w,10.25 solMass,,,,,,,,1.23
Warren_2020,dwnn5kfbll,10.25 solMass,,,,,,,,1.25
Warren_2020,ldwpu2e55w,10.25 solMass,,,,,,,,1.27
Warren_2020,7rfu7apztv,10.5 solMass,,,,,,,,1.23
Warren_2020,udelbls5z6,10.5 solMass,,,,,,,,1.25
Warren_2020,pqx5u4r3gb,10.5 solMass,,,,,,,,1.27
Warren_2020,ouxcw2usfo,10.75 solMass,,,,,,,,1.23
Warren_2020,fcdexm7doh,10.75 solMass,,,,,,,,1.25
Warren_2020,qznazyx57t,10.75 solMass,,,,,,,,1.27
Warren_2020,yggjfu4vs6,11.0 solMass,,,,,,,,1.23
Warren_2020,qln5j2sjin,11.0 solMass,,,,,,,,1.25
Warren_2020,tacqaoz6cx,11.0 solMass,,,,,,,,1.27
Warren_2020,u7oxi2ogf7,11.25 solMass,,,,,,,,1.23
Warren_2020,n3brlabr5z,11.25 solMass,,,,,,,,1.25
Warren_2020,ryezinz4kl,11.25 solMass,,,,,,,,1.27
Warren_2020,zf3x5klfgs,11.5 solMass,,,,,,,,1.23
Warren_2020,j3eohsvykd,11.5 solMass,,,,,,,,1.25
Warren_2020,gzaozft6am,11.5 solMass,,,,,,,,1.27
Warren_2020,wfvi72ojak,11.75 solMass,,,,,,,,1.23
Warren_2020,ymvo7msyxp,11.75 solMass,,,,,,,,1.25
Warren_2020,7e5wwuyn7q,11.75 solMass,,,,,,,,1.27
Warren_2020,mkql5xjwpy,12.0 solMass,,,,,,,,1.23
Warren_2020,vg5pnbngzk,12.0 solMass,,,,,,,,1.25
Warren_2020,nd3bea6mav,12.0 solMass,,,,,,,,1.27
Warren_2020,fd3sh34p2h,12.25 solMass,,,,,,,,1.23
Warren_2020,s7qa62pkze,12.25 solMass,,,,,,,,1.25
Warren_2020,bmzotarmre,12.25 solMass,,,,,,,,1.27
Warren_2020,gyqsrgowt4,12.5 solMass,,,,,,,,1.23
Warren_2020,buw6tb7auu,12.5 solMass,,,,,,,,1.25
Warren_2020,qp3jpxqlid,12.5 solMass,,,,,,,,1.27
Warren_2020,5h5c6wwurr,12.75 solMass,,,,,,,,1.23
Warren_2020,5yvx7iqddi,12.75 solMass,,,,,,,,1.25
Warren_2020,jxh7ogli3d,12.75 solMass,,,,,,,,1.27
Warren_2020,v24dofglp3,13.0 solMass,,,,,,,,1.23
Warren_2020,yda6vmh54z,13.0 solMass,,,,,,,,1.25
Warren_2020,5lk6ycpet6,13.0 solMass,,,,,,,,1.27
Warren_2020,xwhmv5s6rq,13.1 solMass,,,,,,,,1.23
Warren_2020,gxu4rmamky,13.1 solMass,,,,,,,,1.25
Warren_2020,6e5d2f3bav,13.1 solMass,,,,,,,,1.27
Warren_2020,ldg7yqxa5l,13.2 solMass,,,,,,,,1.23
Warren_2020,kckfucwzxm,13.2 solMass,,,,,,,,1.25
Warren_2020,p34h4nb6ws,13.2 solMass,,,,,,,,1.27
Warren_2020,rk24kd47oj,13.3 solMass,,,,,,,,1.23
Warren_2020,jvkf4vshln,13.3 solMass,,,,,,,,1.25
Warren_2020,rse536bicb,13.3 solMass,,,,,,,,1.27
Warren_2020,kxdexduaj2,13.4 solMass,,,,,,,,1.23
Warren_2020,f2bgxecmca,13.4 solMass,,,,,,,,1.25
Warren_2020,bmcwacfycf,13.4 solMass,,,,,,,,1.27
Warren_2020,tpjvzwvmj2,13.5 solMass,,,,,,,,1.23
Warren_2020,xloywbtgym,13.5 solMass,,,,,,,,1.25
Warren_2020,txc7lzd457,13.5 solMass,,,,,,,,1.27
Warren_2020,zuy467gixb,13.6 solMass,,,,,,,,1.23
Warren_2020,3zv3fwqi5q,13.6 solMass,,,,,,,,1.25
Warren_2020,qf35fi6v7a,13.6 solMass,,,,,,,,1.27
Warren_2020,tux66kv5ib,13.7 solMass,,,,,,,,1.23
Warren_2020,xkc225tfu6,13.7 solMass,,,,,,,,1.25
Warren_2020,et4iyma4nq,13.7 solMass,,,,,,,,1.27
Warren_2020,m3ahrdgynm,13.8 solMass,,,,,,,,1.23
Warren_2020,lsj7iu2hg2,13.8 solMass,,,,,,,,1.25
Warren_2020,akw2esmoxo,13.8 solMass,,,,,,,,1.27
Warren_2020,5q7hgfsa6l,13.9 solMass,,,,,,,,1.23
Warren_2020,hh4ye6ijna,13.9 solMass,,,,,,,,1.25
Warren_2020,j3w4q4ufgt,13.9 solMass,,,,,,,,1.27
Warren_2020,p653h7bnm3,14.0 solMass,,,,,,,,1.23
Warren_2020,lehuasmzyi,14.0 solMass,,,,,,,,1.25
Warren_2020,tv7ka6kr7u,14.0 solMass,,,,,,,,1.27
Warren_2020,rtdoszkg2n,14.1 solMass,,,,,,,,1.23
Warren_2020,fvw2p5fol2,14.1 solMass,,,,,,,,1.25
Warren_2020,wepzqrslcz,14.1 solMass,,,,,,,,1.27
Warren_2020,eagqu3t2y5,14.2 solMass,,,,,,,,1.23
Warren_2020,4ncviexudh,14.2 solMass,,,,,,,,1.25
Warren_2020,ryjkyrlgo7,14.2 solMass,,,,,,,,1.27
Warren_2020,p4kxhydpns,14.3 solMass,,,,,,,,1.23
Warren_2020,utlm54s43g,14.3 solMass,,,,,,,,1.25
Warren_2020,26netd3ifr,14.3 solMass,,,,,,,,1.27
Warren_2020,qfizqgsiqd,14.4 solMass,,,,,,,,1.23
Warren_2020,htrtnkomou,14.4 solMass,,,,,,,,1.25
Warren_2020,xwhz2qlkta,14.4 solMass,,,,,,,,1.27
Warren_2020,b43xiezxjq,14.5 solMass,,,,,,,,1.23
Warren_2020,ybzyrzvlpn,14.5 solMass,,,,,,,,1.25
Warren_2020,dw4vfsomep,14.5 solMass,,,,,,,,1.27
Warren_2020,bc6wscprjn,14.6 solMass,,,,,,,,1.23
Warren_2020,z5avzybfqq,14.6 solMass,,,,,,,,1.25
Warren_2020,goaxa5oh3r,14.6 solMass,,,,,,,,1.27
Warren_2020,wptauav7dw,14.7 solMass,,,,,,,,1.23
Warren_2020,6ohvz6745k,14.7 solMass,,,,,,,,1.25
Warren_2020,y3f23kti4e,14.7 solMass,,,,,,,,1.27
Warren_2020,7xeroayqyd,14.8 solMass,,,,,,,,1.23
Warren_2020,zkr7lvdhhk,14.8 solMass,,,,,,,,1.25
Warren_2020,n4mt3hg2cu,14.8 solMass,,,,,,,,1.27
Warren_2020,xfck47dd4e,14.9 solMass,,,,,,,,1.23
Warren_2020,kd66fthzzq,14.9 solMass,,,,,,,,1.25
Warren_2020,jsoc46lywl,14.9 solMass,,,,,,,,1.27
Warren_2020,pe46rruzl5,15.0 solMass,,,,,,,,1.23
Warren_2020,z7qgz6zi4p,15.0 solMass,,,,,,,,1.25
Warren_2020,24mt3dx4wl,15.0 solMass,,,,,,,,1.27
Warren_2020,cw4cbyouju,15.1 solMass,,,,,,,,1.23
Warren_2020,5fo77bpvgk,15.1 solMass,,,,,,,,1.25
Warren_2020,6fvxfkndzk,15.1 solMass,,,,,,,,1.27
Warren_2020,b4odyzeiqu,15.2 solMass,,,,,,,,1.23
Warren_2020,dds7ehvdfj,15.2 solMass,,,,,,,,1.25
Warren_2020,ohb5zg44ll,15.2 solMass,,,,,,,,1.27
Warren_2020,3figjnhoef,15.3 solMass,,,,,,,,1.23
Warren_2020,zac5ndjule,15.3 solMass,,,,,,,,1.25
Warren_2020,o55zqku4qa,15.3 solMass,,,,,,,,1.27
Warren_2020,iowxnzldwt,15.4 solMass,,,,,,,,1.23
Warren_2020,spq4aftj2r,15.4 solMass,,,,,,,,1.25
Warren_2020,uqlh4kl4zp,15.4 solMass,,,,,,,,1.27
Warren_2020,zo3vxjd7lv,15.5 solMass,,,,,,,,1.23
Warren_2020,mw77psqjtz,15.5 solMass,,,,,,,,1.25
Warren_2020,cwdq523ftg,15.5 solMass,,,,,,,,1.27
Warren_2020,jbodbif47u,15.6 solMass,,,,,,,,1.23
Warren_2020,klmf346h5s,15.6 solMass,,,,,,,,1.25
Warren_2020,7xsu3zz2w4,15.6 solMass,,,,,,,,1.27
Warren_2020,gmsfaxm6z3,15.7 solMass,,,,,,,,1.23
Warren_2020,ozsek3tlgy,15.7 solMass,,,,,,,,1.25
Warren_2020,js2xhutikm,15.7 solMass,,,,,,,,1.27
Warren_2020,3qztuiy2cm,15.8 solMass,,,,,,,,1.23
Warren_2020,txlbkax5vw,15.8 solMass,,,,,,,,1.25
Warren_2020,wdybry4q7p,15.8 solMass,,,,,,,,1.27
Warren_2020,mlutschq3t,15.9 solMass,,,,,,,,1.23
Warren_2020,vvlsgnd6h2,15.9 solMass,,,,,,,,1.25
Warren_2020,cvmbun65en,15.9 solMass,,,,,,,,1.27
Warren_2020,h43hdxv3wr,16.0 solMass,,,,,,,,1.23
Warren_2020,hjikmh4cde,16.0 solMass,,,,,,,,1.25
Warren_2020,ms5m2mdsir,16.0 solMass,,,,,,,,1.27
Warren_2020,k6oqirkgw4,16.1 solMass,,,,,,,,1.23
Warren_2020,27l5ghvqeb,16.1 solMass,,,,,,,,1.25
Warren_2020,z5woeclfni,16.1 solMass,,,,,,,,1.27
Warren_2020,ewzddeaoce,16.2 solMass,,,,,,,,1.23
Warren_2020,kn3sjdjzre,16.2 solMass,,,,,,,,1.25
Warren_2020,2gtoih37eo,16.2 solMass,,,,,,,,1.27
Warren_2020,eg45xokfrk,16.3 solMass,,,,,,,,1.23
Warren_2020,maeieawvvy,16.3 solMass,,,,,,,,1.25
Warren_2020,uyhkcitl5g,16.3 solMass,,,,,,,,1.27
Warren_2020,kuhlnn66s7,16.4 solMass,,,,,,,,1.23
Warren_2020,e3zztqqbmk,16.4 solMass,,,,,,,,1.25
Warren_2020,7b2rlvyqmp,16.4 solMass,,,,,,,,1.27
Warren_2020,nxw2hekjc6,16.5 solMass,,,,,,,,1.23
Warren_2020,i3otyrg5kx,16.5 solMass,,,,,,,,1.25
Warren_2020,sek5spv4ma,16.5 solMass,,,,,,,,1.27
Warren_2020,5iw5wwtpoj,16.6 solMass,,,,,,,,1.23
Warren_2020,7omd7tsjpl,16.6 solMass,,,,,,,,1.25
Warren_2020,4vlk2ui4jw,16.6 solMass,,,,,,,,1.27
Warren_2020,m2zqhnpkn5,16.7 solMass,,,,,,,,1.23
Warren_2020,754p2m4g5d,16.7 solMass,,,,,,,,1.25
Warren_2020,4goclz3nsq,16.7 solMass,,,,,,,,1.27
Warren_2020,u5ruoocsxp,16.8 solMass,,,,,,,,1.23
Warren_2020,ywe7aauz45,16.8 solMass,,,,,,,,1.25
Warren_2020,eiuqcwqrxm,16.8 solMass,,,,,,,,1.27
Warren_2020,2ecngalp7d,16.9 solMass,,,,,,,,1.23
Warren_2020,w4udz6ybek,16.9 solMass,,,,,,,,1.25
Warren_2020,rhmho36rou,16.9 solMass,,,,,,,,1.27
Warren_2020,mknbwy7e7y,17.0 solMass,,,,,,,,1.23
Warren_2020,irltpbueca,17.0 solMass,,,,,,,,1.25
Warren_2020,kff4mw6tld,17.0 solMass,,,,,,,,1.27
Warren_2020,kupz5de5ow,17.1 solMass,,,,,,,,1.23
Warren_2020,k7s5ayqgka,17.1 solMass,,,,,,,,1.25
Warren_2020,qjxlirb7xa,17.1 solMass,,,,,,,,1.27
Warren_2020,ltuj6a5xuq,17.2 solMass,,,,,,,,1.23
Warren_2020,sfb6nfblfx,17.2 solMass,,,,,,,,1.25
Warren_2020,55zxb2djkz,17.2 solMass,,,,,,,,1.27
Warren_2020,qnsdgkmwmw,17.3 solMass,,,,,,,,1.23
Warren_2020,wavys4gpvm,17.3 solMass,,,,,,,,1.25
Warren_2020,xeaofjqkoj,17.3 solMass,,,,,,,,1.27
Warren_2020,nelegiqfwl,17.4 solMass,,,,,,,,1.23
Warren_2020,4vmkqwskst,17.4 solMass,,,,,,,,1.25
Warren_2020,wrhhvbg3wz,17.4 solMass,,,,,,,,1.27
Warren_2020,h4tcb3z4n7,17.5 solMass,,,,,,,,1.23
Warren_2020,4dd5kqqi3q,17.5 solMass,,,,,,,,1.25
Warren_2020,fp5ks4iyle,17.5 solMass,,,,,,,,1.27
Warren_2020,fxbujdsrt6,17.6 solMass,,,,,,,,1.23
Warren_2020,jziswhu67t,17.6 solMass,,,,,,,,1.25
Warren_2020,i6zzskmblo,17.6 solMass,,,,,,,,1.27
Warren_2020,rirrvfx75b,17.7 solMass,,,,,,,,1.23
Warren_2020,xrqelu77um,17.7 solMass,,,,,,,,1.25
Warren_2020,74tz5yacmf,17.7 solMass,,,,,,,,1.27
Warren_2020,cp6nrh4fev,17.8 solMass,,,,,,,,1.23
Warren_2020,ermp7w74xd,17.8 solMass,,,,,,,,1.25
Warren_2020,vapec2w4sy,17.8 solMass,,,,,,,,1.27
Warren_2020,fxqg6khu6u,17.9 solMass,,,,,,,,1.23
Warren_2020,7rkma64bgl,17.9 solMass,,,,,,,,1.25
Warren_2020,2c2nup47mv,17.9 solMass,,,,,,,,1.27
Warren_2020,57n6mziegx,18.0 solMass,,,,,,,,1.23
Warren_2020,wdba5as2mg,18.0 solMass,,,,,,,,1.25
Warren_2020,ytnb36nffg,18.0 solMass,,,,,,,,1.27
Warren_2020,jostdkaer5,18.1 solMass,,,,,,,,1.23
Warren_2020,qg3hgw6f75,18.1 solMass,,,,,,,,1.25
Warren_2020,mkeapkpla5,18.1 solMass,,,,,,,,1.27
Warren_2020,xcyc4mxtkf,18.2 solMass,,,,,,,,1.23
Warren_2020,bj2qezc65j,18.2 solMass,,,,,,,,1.25
Warren_2020,pcuasva5s4,18.2 solMass,,,,,,,,1.27
Warren_2020,mxreaaka5f,18.3 solMass,,,,,,,,1.23
Warren_2020,asuigslnok,18.3 solMass,,,,,,,,1.25
Warren_2020,e3bee4qhzz,18.3 solMass,,,,,,,,1.27
Warren_2020,6rpjklqwgg,18.4 solMass,,,,,,,,1.23
Warren_2020,7dsokgcrdq,18.4 solMass,,,,,,,,1.25
Warren_2020,gyx3vjupb6,18.4 solMass,,,,,,,,1.27
Warren_2020,6nc5w7iyap,18.5 solMass,,,,,,,,1.23
Warren_2020,7vq5eyelqb,18.5 solMass,,,,,,,,1.25
Warren_2020,xqzvty2iqp,18.5 solMass,,,,,,,,1.27
Warren_2020,to6ncjymwl,18.6 solMass,,,,,,,,1.23
Warren_2020,egr35atqah,18.6 solMass,,,,,,,,1.25
Warren_2020,2rdcszgvw3,18.6 solMass,,,,,,,,1.27
Warren_2020,qpvlycf3jm,18.7 solMass,,,,,,,,1.23
Warren_2020,gxljs22hye,18.7 solMass,,,,,,,,1.25
Warren_2020,sbk6wmgufo,18.7 solMass,,,,,,,,1.27
Warren_2020,2j4zq7gil3,18.8 solMass,,,,,,,,1.23
Warren_2020,n5lebkjlby,18.8 solMass,,,,,,,,1.25
Warren_2020,xj3r5vndez,18.8 solMass,,,,,,,,1.27
Warren_2020,advl6go6js,18.9 solMass,,,,,,,,1.23
Warren_2020,ow45x24tte,18.9 solMass,,,,,,,,1.25
Warren_2020,25tyhy5yti,18.9 solMass,,,,,,,,1.27
Warren_2020,fnfcre6ubc,19.0 solMass,,,,,,,,1.23
Warren_2020,szwkja4wxq,19.0 solMass,,,,,,,,1.25
Warren_2020,6ubswr33bu,19.0 solMass,,,,,,,,1.27
Warren_2020,pnesktfyfo,19.1 solMass,,,,,,,,1.23
Warren_2020,vhllobeuxo,19.1 solMass,,,,,,,,1.25
Warren_2020,irwtbu3vw6,19.1 solMass,,,,,,,,1.27
Warren_2020,wf7wgvn5ur,19.2 solMass,,,,,,,,1.23
Warren_2020,m5o3rtxchz,19.2 solMass,,,,,,,,1.25
Warren_2020,aygyrqlket,19.2 solMass,,,,,,,,1.27
Warren_2020,k7acs2xo5q,19.3 solMass,,,,,,,,1.23
Warren_2020,wnprhhgvqb,19.3 solMass,,,,,,,,1.25
Warren_2020,a2zi7a4btz,19.3 solMass,,,,,,,,1.27
Warren_2020,qbni2gmcgc,19.4 solMass,,,,,,,,1.23
Warren_2020,hsqxnlbb2h,19.4 solMass,,,,,,,,1.25
Warren_2020,ajpbyypjqo,19.4 solMass,,,,,,,,1.27
Warren_2020,7tqnq2n7c2,19.5 solMass,,,,,,,,1.23
Warren_2020,u3l3meh4gj,19.5 solMass,,,,,,,,1.25
Warren_2020,p4ev2hkg24,19.5 solMass,,,,,,,,1.27
Warren_2020,hajdtoqons,19.6 solMass,,,,,,,,1.23
Warren_2020,727o5qo22x,19.6 solMass,,,,,,,,1.25
Warren_2020,33xuft2nzg,19.6 solMass,,,,,,,,1.27
Warren_2020,scer2fkgyk,19.7 solMass,,,,,,,,1.23
Warren_2020,mtt2qs6gpv,19.7 solMass,,,,,,,,1.25
Warren_2020,6wsbbaqfsp,19.7 solMass,,,,,,,,1.27
Warren_2020,dlz4ilndcy,19.8 solMass,,,,,,,,1.23
Warren_2020,nwhmvbfhqe,19.8 solMass,,,,,,,,1.25
Warren_2020,ubwfq6qt2b,19.8 solMass,,,,,,,,1.27
Warren_2020,fb5kwhqa2j,19.9 solMass,,,,,,,,1.23
Warren_2020,tbim6kwf7f,19.9 solMass,,,,,,,,1.25
Warren_2020,nx25evsqqo,19.9 solMass,,,,,,,,1.27
Warren_2020,anmkdx3abd,20.0 solMass,,,,,,,,1.23
Warren_2020,koatcvru7j,20.0 solMass,,,,,,,,1.25
Warren_2020,t2gticgm3s,20.0 solMass,,,,,,,,1.27
Warren_2020,ice5htebov,20.1 solMass,,,,,,,,1.23
Warren_2020,m2pscrcxzr,20.1 solMass,,,,,,,,1.25
Warren_2020,c4vpkp6lsc,20.1 solMass,,,,,,,,1.27
Warren_2020,5esio6esnc,20.2 solMass,,,,,,,,1.23
Warren_2020,5yk42vdmce,20.2 solMass,,,,,,,,1.25
Warren_2020,p6vnsudlat,20.2 solMass,,,,,,,,1.27
Warren_2020,psfytoismp,20.3 solMass,,,,,,,,1.23
Warren_2020,kpyreazhuc,20.3 solMass,,,,,,,,1.25
Warren_2020,ppgypettox,20.3 solMass,,,,,,,,1.27
Warren_2020,a2wyjqioya,20.4 solMass,,,,,,,,1.23
Warren_2020,ensb2lhxto,20.4 solMass,,,,,,,,1.25
Warren_2020,saxqarpn7a,20.4 solMass,,,,,,,,1.27
Warren_2020,oe4xqigmza,20.5 solMass,,,,,,,,1.23
Warren_2020,2l7nvujnbo,20.5 solMass,,,,,,,,1.25
Warren_2020,d5on2krqrt,20.5 solMass,,,,,,,,1.27
Warren_2020,dsi2uqi2id,20.6 solMass,,,,,,,,1.23
Warren_2020,kshl2axzdb,20.6 solMass,,,,,,,,1.25
Warren_2020,jmifmfjxin,20.6 solMass,,,,,,,,1.27
Warren_2020,asonshrypr,20.7 solMass,,,,,,,,1.23
Warren_2020,7txbl4oqg5,20.7 solMass,,,,,,,,1.25
Warren_2020,s66bqmdkye,20.7 solMass,,,,,,,,1.27
Warren_2020,xzvgqj7xmz,20.8 solMass,,,,,,,,1.23
Warren_2020,ftbofb6tio,20.8 solMass,,,,,,,,1.25
Warren_2020,kfhupw3llk,20.8 solMass,,,,,,,,1.27
Warren_2020,5e4ermjknp,20.9 solMass,,,,,,,,1.23
Warren_2020,gooukjds6g,20.9 solMass,,,,,,,,1.25
Warren_2020,5t6rso5h37,20.9 solMass,,,,,,,,1.27
Warren_2020,cuplpr52oh,21.0 solMass,,,,,,,,1.23
Warren_2020,7ypk5agxgf,21.0 solMass,,,,,,,,1.25
Warren_2020,aeeyea3wqf,21.0 solMass,,,,,,,,1.27
Warren_2020,r4vze3w2qn,21.1 solMass,,,,,,,,1.23
Warren_2020,ruin5aclp2,21.1 solMass,,,,,,,,1.25
Warren_2020,e4v5c66zmv,21.1 solMass,,,,,,,,1.27
Warren_2020,4i7gcgmfng,21.200000000000003 solMass,,,,,,,,1.23
Warren_2020,vvg3jlcb56,21.200000000000003 solMass,,,,,,,,1.25
Warren_2020,5xy3mlcbmr,21.200000000000003 solMass,,,,,,,,1.27
Warren_2020,fj45c5apgd,21.3 solMass,,,,,,,,1.23
Warren_2020,os7c6to7zj,21.3 solMass,,,,,,,,1.25
Warren_2020,kstwm3s5lv,21.3 solMass,,,,,,,,1.27
Warren_2020,i6yvwkw23x,21.4 solMass,,,,,,,,1.23
Warren_2020,qvimwwersw,21.4 solMass,,,,,,,,1.25
Warren_2020,62d2ijw5yg,21.4 solMass,,,,,,,,1.27
Warren_2020,e5hmpxh4sk,21.5 solMass,,,,,,,,1.23
Warren_2020,vc5ozrxe3i,21.5 solMass,,,,,,,,1.25
Warren_2020,kminyenhlb,21.5 solMass,,,,,,,,1.27
Warren_2020,ui7dukodz5,21.6 solMass,,,,,,,,1.23
Warren_2020,yoejgt4mgm,21.6 solMass,,,,,,,,1.25
Warren_2020,6lnbbmou2v,21.6 solMass,,,,,,,,1.27
Warren_2020,rkj5c3m75i,21.700000000000003 solMass,,,,,,,,1.23
Warren_2020,zbzhtyhu57,21.700000000000003 solMass,,,,,,,,1.25
Warren_2020,gsoregc7wp,21.700000000000003 solMass,,,,,,,,1.27
Warren_2020,ysijh2rwxr,21.8 solMass,,,,,,,,1.23
Warren_2020,5abkkoxi2b,21.8 solMass,,,,,,,,1.25
Warren_2020,aagzcfeoej,21.8 solMass,,,,,,,,1.27
Warren_2020,nrqxhntpkk,21.9 solMass,,,,,,,,1.23
Warren_2020,4qrjqk223j,21.9 solMass,,,,,,,,1.25
Warren_2020,t5lqj5o3oo,21.9 solMass,,,,,,,,1.27
Warren_2020,tnjden6h6b,22.0 solMass,,,,,,,,1.23
Warren_2020,dxjsupwwrm,22.0 solMass,,,,,,,,1.25
Warren_2020,ou3xnv3ixx,22.0 solMass,,,,,,,,1.27
Warren_2020,udss46rrw3,22.1 solMass,,,,,,,,1.23
Warren_2020,hdsbb72mvc,22.1 solMass,,,,,,,,1.25
Warren_2020,o4u3kzujin,22.1 solMass,,,,,,,,1.27
Warren_2020,ll4goavzas,22.200000000000003 solMass,,,,,,,,1.23
Warren_2020,4r4hqjarge,22.200000000000003 solMass,,,,,,,,1.25
Warren_2020,rlg7thkw5q,22.200000000000003 solMass,,,,,,,,1.27
Warren_2020,zked24hxwv,22.3 solMass,,,,,,,,1.23
Warren_2020,bwu6pvikap,22.3 solMass,,,,,,,,1.25
Warren_2020,2ehm42y7ez,22.3 solMass,,,,,,,,1.27
Warren_2020,nu4grcdkid,22.4 solMass,,,,,,,,1.23
Warren_2020,kqbfqwjpaz,22.4 solMass,,,,,,,,1.25
Warren_2020,tmels6yn4w,22.4 solMass,,,,,,,,1.27
Warren_2020,hcrpoqw3js,22.5 solMass,,,,,,,,1.23
Warren_2020,pyb2zpxw3y,22.5 solMass,,,,,,,,1.25
Warren_2020,gckklqnlu5,22.5 solMass,,,,,,,,1.27
Warren_2020,ptdm5plub5,22.6 solMass,,,,,,,,1.23
Warren_2020,g64mj2xta4,22.6 solMass,,,,,,,,1.25
Warren_2020,x4txw6ywio,22.6 solMass,,,,,,,,1.27
Warren_2020,qtbpxlnnff,22.700000000000003 solMass,,,,,,,,1.23
Warren_2020,rhawcsxkpa,22.700000000000003 solMass,,,,,,,,1.25
Warren_2020,qpcackwrtj,22.700000000000003 solMass,,,,,,,,1.27
Warren_2020,sgcb5awevl,22.8 solMass,,,,,,,,1.23
Warren_2020,ahns4l2ls4,22.8 solMass,,,,,,,,1.25
Warren_2020,rv2iywe3k4,22.8 solMass,,,,,,,,1.27
Warren_2020,w2fvhbwakn,22.9 solMass,,,,,,,,1.23
Warren_2020,32cobm7qyc,22.9 solMass,,,,,,,,1.25
Warren_2020,rezi6cr2oz,22.9 solMass,,,,,,,,1.27
Warren_2020,ljqtbob6im,23.0 solMass,,,,,,,,1.23
Warren_2020,oegfy5cna4,23.0 solMass,,,,,,,,1.25
Warren_2020,3kk66ilzhs,23.0 solMass,,,,,,,,1.27
Warren_2020,ebqta62wug,23.1 solMass,,,,,,,,1.23
Warren_2020,j7lr7l25pj,23.1 solMass,,,,,,,,1.25
Warren_2020,ydhpw5nvrr,23.1 solMass,,,,,,,,1.27
Warren_2020,lgfswvihlk,23.200000000000003 solMass,,,,,,,,1.23
Warren_2020,dws5ikqur3,23.200000000000003 solMass,,,,,,,,1.25
Warren_2020,nl4hkt6ygb,23.200000000000003 solMass,,,,,,,,1.27
Warren_2020,fc42ombnnz,23.3 solMass,,,,,,,,1.23
Warren_2020,f4bud3ef4y,23.3 solMass,,,,,,,,1.25
Warren_2020,tfveshc2tw,23.3 solMass,,,,,,,,1.27
Warren_2020,72jizhg7y6,23.4 solMass,,,,,,,,1.23
Warren_2020,7c3ngzr26q,23.4 solMass,,,,,,,,1.25
Warren_2020,kw2j6bji72,23.4 solMass,,,,,,,,1.27
Warren_2020,5ktvxhcsxa,23.5 solMass,,,,,,,,1.23
Warren_2020,hukjee6yul,23.5 solMass,,,,,,,,1.25
Warren_2020,orvw5mh5zu,23.5 solMass,,,,,,,,1.27
Warren_2020,pq53cdotzi,23.6 solMass,,,,,,,,1.23
Warren_2020,luufkqfgpx,23.6 solMass,,,,,,,,1.25
Warren_2020,skraft3oij,23.6 solMass,,,,,,,,1.27
Warren_2020,e4pzd2ovt7,23.700000000000003 solMass,,,,,,,,1.23
Warren_2020,qnnty2xy6c,23.700000000000003 solMass,,,,,,,,1.25
Warren_2020,dnkeqqjsmr,23.700000000000003 solMass,,,,,,,,1.27
Warren_2020,n5735nmul2,23.8 solMass,,,,,,,,1.23
Warren_2020,ddiaaqhi6c,23.8 solMass,,,,,,,,1.25
Warren_2020,uhorxfi2om,23.8 solMass,,,,,,,,1.27
Warren_2020,vfytcrxfvm,23.9 solMass,,,,,,,,1.23
Warren_2020,y7vaz55bn2,23.9 solMass,,,,,,,,1.25
Warren_2020,j65szjd4db,23.9 solMass,,,,,,,,1.27
Warren_2020,5fat3fcevp,24.0 solMass,,,,,,,,1.23
Warren_2020,yvrq3ufbrg,24.0 solMass,,,,,,,,1.25
Warren_2020,dzgsxxi4s4,24.0 solMass,,,,,,,,1.27
Warren_2020,mywhkzmtvj,24.1 solMass,,,,,,,,1.23
Warren_2020,ma7gvdppek,24.1 solMass,,,,,,,,1.25
Warren_2020,g5molkyayc,24.1 solMass,,,,,,,,1.27
Warren_2020,4sfy4f5xnx,24.200000000000003 solMass,,,,,,,,1.23
Warren_2020,cm5rj6ayhe,24.200000000000003 solMass,,,,,,,,1.25
Warren_2020,r2lgqaicdy,24.200000000000003 solMass,,,,,,,,1.27
Warren_2020,rsjx3x4pig,24.3 solMass,,,,,,,,1.23
Warren_2020,o4xe7xlxst,24.3 solMass,,,,,,,,1.25
Warren_2020,37mfglv7sp,24.3 solMass,,,,,,,,1.27
Warren_2020,fowrfn4ksl,24.4 solMass,,,,,,,,1.23
Warren_2020,rgkpouqwnc,24.4 solMass,,,,,,,,1.25
Warren_2020,vrgaoalhv5,24.4 solMass,,,,,,,,1.27
Warren_2020,rk55a3waf5,24.5 solMass,,,,,,,,1.23
Warren_2020,w7kvct7dx6,24.5 solMass,,,,,,,,1.25
Warren_2020,h7ib4u3e2w,24.5 solMass,,,,,,,,1.27
Warren_2020,2f2gseyqqv,24.6 solMass,,,,,,,,1.23
Warren_2020,34k4pt4gl4,24.6 solMass,,,,,,,,1.25
Warren_2020,ztmtcwk3bg,24.6 solMass,,,,,,,,1.27
Warren_2020,eyfbmava7h,24.700000000000003 solMass,,,,,,,,1.23
Warren_2020,fmutr2ehd7,24.700000000000003 solMass,,,,,,,,1.25
Warren_2020,oirv2pvokl,24.700000000000003 solMass,,,,,,,,1.27
Warren_2020,jcngnozmie,24.8 solMass,,,,,,,,1.23
Warren_2020,jufb6jpb73,24.8 solMass,,,,,,,,1.25
Warren_2020,xtqpho7iju,24.8 solMass,,,,,,,,1.27
Warren_2020,q5bb4qcc4d,24.9 solMass,,,,,,,,1.23
Warren_2020,2kqqwfl2fi,24.9 solMass,,,,,,,,1.25
Warren_2020,hm3zmsk4i5,24.9 solMass,,,,,,,,1.27
Warren_2020,civ7tvp5tz,25.0 solMass,,,,,,,,1.23
Warren_2020,2atcqs7pzr,25.0 solMass,,,,,,,,1.25
Warren_2020,pe6kmbpcee,25.0 solMass,,,,,,,,1.27
Warren_2020,bxiqwdtv46,25.1 solMass,,,,,,,,1.23
Warren_2020,tpv36rg2ay,25.1 solMass,,,,,,,,1.25
Warren_2020,lzpfu3dj73,25.1 solMass,,,,,,,,1.27
Warren_2020,lmp77pzdf6,25.200000000000003 solMass,,,,,,,,1.23
Warren_2020,5ohe5tommg,25.200000000000003 solMass,,,,,,,,1.25
Warren_2020,4b5g74pna4,25.200000000000003 solMass,,,,,,,,1.27
Warren_2020,rlo7dct3u3,25.3 solMass,,,,,,,,1.23
Warren_2020,6qeziiyxgk,25.3 solMass,,,,,,,,1.25
Warren_2020,uhlkkzchkb,25.3 solMass,,,,,,,,1.27
Warren_2020,72utbrybdi,25.4 solMass,,,,,,,,1.23
Warren_2020,g7zjvv7ky6,25.4 solMass,,,,,,,,1.25
Warren_2020,y26qhux2gl,25.4 solMass,,,,,,,,1.27
Warren_2020,ien6hy2miu,25.5 solMass,,,,,,,,1.23
Warren_2020,gpllr5bmjp,25.5 solMass,,,,,,,,1.25
Warren_2020,kfpr7ww65r,25.5 solMass,,,,,,,,1.27
Warren_2020,gv2i3qpdz5,25.6 solMass,,,,,,,,1.23
Warren_2020,ytheium5iz,25.6 solMass,,,,,,,,1.25
Warren_2020,sdmkdrsgih,25.6 solMass,,,,,,,,1.27
Warren_2020,bdrq52n2sh,25.700000000000003 solMass,,,,,,,,1.23
Warren_2020,vammqgbgwl,25.700000000000003 solMass,,,,,,,,1.25
Warren_2020,hwrnb5cezj,25.700000000000003 solMass,,,,,,,,1.27
Warren_2020,qlyg55rp7w,25.8 solMass,,,,,,,,1.23
Warren_2020,jvjex5jner,25.8 solMass,,,,,,,,1.25
Warren_2020,cop224gbtq,25.8 solMass,,,,,,,,1.27
Warren_2020,iinatt6fng,25.9 solMass,,,,,,,,1.23
Warren_2020,aax56cbnvy,25.9 solMass,,,,,,,,1.25
Warren_2020,lmsffijhhp,25.9 solMass,,,,,,,,1.27
Warren_2020,27sr6xiah6,26.0 solMass,,,,,,,,1.23
Warren_2020,7rtom4c3qv,26.0 solMass,,,,,,,,1.25
Warren_2020,dmqlyddaik,26.0 solMass,,,,,,,,1.27
Warren_2020,4e42nti5ue,26.1 solMass,,,,,,,,1.23
Warren_2020,fmaegndbi7,26.1 solMass,,,,,,,,1.25
Warren_2020,w5xsosl5km,26.1 solMass,,,,,,,,1.27
Warren_2020,tck7axvjud,26.200000000000003 solMass,,,,,,,,1.23
Warren_2020,3cdl5z7cnw,26.200000000000003 solMass,,,,,,,,1.25
Warren_2020,t2vnm6e2zf,26.200000000000003 solMass,,,,,,,,1.27
Warren_2020,vgemeotjrl,26.3 solMass,,,,,,,,1.23
Warren_2020,nuktuf7x4s,26.3 solMass,,,,,,,,1.25
Warren_2020,xukr6vgd2q,26.3 solMass,,,,,,,,1.27
Warren_2020,zp2nmcnjrx,26.4 solMass,,,,,,,,1.23
Warren_2020,nc4vrosoux,26.4 solMass,,,,,,,,1.25
Warren_2020,4mtgeyxutv,26.4 solMass,,,,,,,,1.27
Warren_2020,xnouzzvedc,26.5 solMass,,,,,,,,1.23
Warren_2020,2e46wnha3c,26.5 solMass,,,,,,,,1.25
Warren_2020,ecn66m6kqs,26.5 solMass,,,,,,,,1.27
Warren_2020,6sfvhjzrvl,26.6 solMass,,,,,,,,1.23
Warren_2020,noia6p3gst,26.6 solMass,,,,,,,,1.25
Warren_2020,otmyd3riqi,26.6 solMass,,,,,,,,1.27
Warren_2020,26edpsfq46,26.700000000000003 solMass,,,,,,,,1.23
Warren_2020,t4uwbbgxnu,26.700000000000003 solMass,,,,,,,,1.25
Warren_2020,leitl2ulvj,26.700000000000003 solMass,,,,,,,,1.27
Warren_2020,icfpx6sa4x,26.8 solMass,,,,,,,,1.23
Warren_2020,b6klt4e4ve,26.8 solMass,,,,,,,,1.25
Warren_2020,35pncxum2g,26.8 solMass,,,,,,,,1.27
Warren_2020,mn3xzxaqwa,26.9 solMass,,,,,,,,1.23
Warren_2020,jn2duniru3,26.9 solMass,,,,,,,,1.25
Warren_2020,euprjj3wjg,26.9 solMass,,,,,,,,1.27
Warren_2020,3v4thu5ful,27.0 solMass,,,,,,,,1.23
Warren_2020,pmintm4xtz,27.0 solMass,,,,,,,,1.25
Warren_2020,b3isbcsrmk,27.0 solMass,,,,,,,,1.27
Warren_2020,53fx4y6fcm,27.1 solMass,,,,,,,,1.23
Warren_2020,tl2d342nj6,27.1 solMass,,,,,,,,1.25
Warren_2020,dypzfbskti,27.1 solMass,,,,,,,,1.27
Warren_2020,u6uresxikg,27.200000000000003 solMass,,,,,,,,1.23
Warren_2020,ocei5nghca,27.200000000000003 solMass,,,,,,,,1.25
Warren_2020,wgl74orbwg,27.200000000000003 solMass,,,,,,,,1.27
Warren_2020,aiqipkmceb,27.3 solMass,,,,,,,,1.23
Warren_2020,ongidwlvmr,27.3 solMass,,,,,,,,1.25
Warren_2020,cuh6nbwifu,27.3 solMass,,,,,,,,1.27
Warren_2020,twbpqiv6hb,27.4 solMass,,,,,,,,1.23
Warren_2020,bybth4bw5y,27.4 solMass,,,,,,,,1.25
Warren_2020,4gd43p7jv2,27.4 solMass,,,,,,,,1.27
Warren_2020,3xj6hk5b6t,27.5 solMass,,,,,,,,1.23
Warren_2020,qfanjyhhsm,27.5 solMass,,,,,,,,1.25
Warren_2020,w2hl53ixpt,27.5 solMass,,,,,,,,1.27
Warren_2020,cidzcyrl5a,27.6 solMass,,,,,,,,1.23
Warren_2020,b7tywyhrjc,27.6 solMass,,,,,,,,1.25
Warren_2020,o3foe4hh7w,27.6 solMass,,,,,,,,1.27
Warren_2020,bqn65wlcwn,27.700000000000003 solMass,,,,,,,,1.23
Warren_2020,4mthy5rxit,27.700000000000003 solMass,,,,,,,,1.25
Warren_2020,ggrb2265qz,27.700000000000003 solMass,,,,,,,,1.27
Warren_2020,4wt4hoiaze,27.8 solMass,,,,,,,,1.23
Warren_2020,a6asjoggfa,27.8 solMass,,,,,,,,1.25
Warren_2020,kdlfe2pn6s,27.8 solMass,,,,,,,,1.27
Warren_2020,maryzhid26,27.9 solMass,,,,,,,,1.23
Warren_2020,6pdongsrvr,27.9 solMass,,,,,,,,1.25
Warren_2020,s6tyu6lsn3,27.9 solMass,,,,,,,,1.27
Warren_2020,vfid6pxtyi,28.0 solMass,,,,,,,,1.23
Warren_2020,2tgc22sfkn,28.0 solMass,,,,,,,,1.25
Warren_2020,vlnfkn6fy7,28.0 solMass,,,,,,,,1.27
Warren_2020,fatgnaa5et,28.1 solMass,,,,,,,,1.23
Warren_2020,67rfvvvgsm,28.1 solMass,,,,,,,,1.25
Warren_2020,jfexno7ylo,28.1 solMass,,,,,,,,1.27
Warren_2020,b6gc3xss56,28.200000000000003 solMass,,,,,,,,1.23
Warren_2020,qqvji2vf6z,28.200000000000003 solMass,,,,,,,,1.25
Warren_2020,qbdrzh3oxi,28.200000000000003 solMass,,,,,,,,1.27
Warren_2020,d2d4iwvnir,28.3 solMass,,,,,,,,1.23
Warren_2020,g6gdro4qg5,28.3 solMass,,,,,,,,1.25
Warren_2020,jwrobvyxka,28.3 solMass,,,,,,,,1.27
Warren_2020,75rz6uchid,28.4 solMass,,,,,,,,1.23
Warren_2020,sq5l2x73cy,28.4 solMass,,,,,,,,1.25
Warren_2020,fqd53kkh5q,28.4 solMass,,,,,,,,1.27
Warren_2020,mk4533yzdz,28.5 solMass,,,,,,,,1.23
Warren_2020,csnspvntht,28.5 solMass,,,,,,,,1.25
Warren_2020,46vzly2lkh,28.5 solMass,,,,,,,,1.27
Warren_2020,rssaawadaa,28.6 solMass,,,,,,,,1.23
Warren_2020,yzcijykid6,28.6 solMass,,,,,,,,1.25
Warren_2020,ujuxa5tsg5,28.6 solMass,,,,,,,,1.27
Warren_2020,divhhujj6z,28.700000000000003 solMass,,,,,,,,1.23
Warren_2020,sgfp73lq47,28.700000000000003 solMass,,,,,,,,1.25
Warren_2020,2pf3j2sgaw,28.700000000000003 solMass,,,,,,,,1.27
Warren_2020,yjponhetuj,28.8 solMass,,,,,,,,1.23
Warren_2020,javo6ghmmh,28.8 solMass,,,,,,,,1.25
Warren_2020,mqbfqkgfzl,28.8 solMass,,,,,,,,1.27
Warren_2020,r34atrnd4i,28.9 solMass,,,,,,,,1.23
Warren_2020,q6t4g77ixy,28.9 solMass,,,,,,,,1.25
Warren_2020,iuzymf2wkr,28.9 solMass,,,,,,,,1.27
Warren_2020,lnsfabwwqs,29.0 solMass,,,,,,,,1.23
Warren_2020,73jsczmbl7,29.0 solMass,,,,,,,,1.25
Warren_2020,l5jlxqfat7,29.0 solMass,,,,,,,,1.27
Warren_2020,ogrmaf33n2,29.1 solMass,,,,,,,,1.23
Warren_2020,4jffqepfiy,29.1 solMass,,,,,,,,1.25
Warren_2020,mn3gnn2qby,29.1 solMass,,,,,,,,1.27
Warren_2020,f66pzcefko,29.2 solMass,,,,,,,,1.23
Warren_2020,3turctxzne,29.2 solMass,,,,,,,,1.25
Warren_2020,ddp2tavgkx,29.2 solMass,,,,,,,,1.27
Warren_2020,zgdjwzfvds,29.3 solMass,,,,,,,,1.23
Warren_2020,xle3yw2uax,29.3 solMass,,,,,,,,1.25
Warren_2020,x4xk735udy,29.3 solMass,,,,,,,,1.27
Warren_2020,ygealqt3gf,29.400000000000002 solMass,,,,,,,,1.23
Warren_2020,st2ihdandi,29.400000000000002 solMass,,,,,,,,1.25
Warren_2020,4qo4xnwb4h,29.400000000000002 solMass,,,,,,,,1.27
Warren_2020,2pwxuylbee,29.5 solMass,,,,,,,,1.23
Warren_2020,wbawumvcmz,29.5 solMass,,,,,,,,1.25
Warren_2020,ujwshok2xh,29.5 solMass,,,,,,,,1.27
Warren_2020,vtesiztrtd,29.6 solMass,,,,,,,,1.23
Warren_2020,xntwlzuicb,29.6 solMass,,,,,,,,1.25
Warren_2020,qy2w6svir3,29.6 solMass,,,,,,,,1.27
Warren_2020,rhjymulvau,29.7 solMass,,,,,,,,1.23
Warren_2020,74i6gwrw46,29.7 solMass,,,,,,,,1.25
Warren_2020,akntt4br36,29.7 solMass,,,,,,,,1.27
Warren_2020,vireawg7an,29.8 solMass,,,,,,,,1.23
Warren_2020,owj25uoul2,29.8 solMass,,,,,,,,1.25
Warren_2020,tvhfb53i3e,29.8 solMass,,,,,,,,1.27
Warren_2020,onwb4dztmu,29.900000000000002 solMass,,,,,,,,1.23
Warren_2020,r4727lkovo,29.900000000000002 solMass,,,,,,,,1.25
Warren_2020,lf6c5do2bq,29.900000000000002 solMass,,,,,,,,1.27
Warren_2020,dre2u4vffn,30.0 solMass,,,,,,,,1.23
Warren_2020,tr7sp7uxbz,30.0 solMass,,,,,,,,1.25
Warren_2020,4csvy2tdyd,30.0 solMass,,,,,,,,1.27
Warren_2020,cip2fegcqb,31.0 solMass,,,,,,,,1.23
Warren_2020,mp6zncb625,31.0 solMass,,,,,,,,1.25
Warren_2020,5xaw43wiwx,31.0 solMass,,,,,,,,1.27
Warren_2020,khkiuukssl,32.0 solMass,,,,,,,,1.23
Warren_2020,obnxd5rtyi,32.0 solMass,,,,,,,,1.25
Warren_2020,bxnx6uh2ia,32.0 solMass,,,,,,,,1.27
Warren_2020,p6cspup527,33.0 solMass,,,,,,,,1.23
Warren_2020,rov3naol5f,33.0 solMass,,,,,,,,1.25
Warren_2020,tpyr5ydtmj,33.0 solMass,,,,,,,,1.27
Warren_2020,soriihvgmt,35.0 solMass,,,,,,,,1.23
Warren_2020,z4iftuxsq5,35.0 solMass,,,,,,,,1.25
Warren_2020,sjvxk2hc2y,35.0 solMass,,,,,,,,1.27
Warren_2020,ps4cvyxedw,40.0 solMass,,,,,,,,1.23
Warren_2020,rtfe66ogcm,40.0 solMass,,,,,,,,1.25
Warren_2020,vl26smp7pg,40.0 solMass,,,,,,,,1.27
Warren_2020,zt2wzr3vpm,45.0 solMass,,,,,,,,1.23
Warren_2020,qhuv2wlzv3,45.0 solMass,,,,,,,,1.25
Warren_2020,yfnkek5q3r,45.0 solMass,,,,,,,,1.27
Warren_2020,mn7336salg,50.0 solMass,,,,,,,,1.23
Warren_2020,lx6mueomhu,50.0 solMass,,,,,,,,1.25
Warren_2020,roekikb4ll,50.0 solMass,,,,,,,,1.27
Warren_2020,h25fvwzuq6,55.0 solMass,,,,,,,,1.23
Warren_2020,i4cf4ubm4n,55.0 solMass,,,,,,,,1.25
Warren_2020,zcoihjdury,55.0 solMass,,,,,,,,1.27
Warren_2020,muudsk2izx,60.0 solMass,,,,,,,,1.23
Warren_2020,3vtxgj5eue,60.0 solMass,,,,,,,,1.25
Warren_2020,kastoxxeq4,60.0 solMass,,,,,,,,1.27
Warren_2020,eh36tnc7ya,70.0 solMass,,,,,,,,1.23
Warren_2020,am25h7ixz7,70.0 solMass,,,,,,,,1.25
Warren_2020,75c4mmmntw,70.0 solMass,,,,,,,,1.27
Warren_2020,ljoy4vbeup,80.0 solMass,,,,,,,,1.23
Warren_2020,xywd55sozr,80.0 solMass,,,,,,,,1.25
Warren_2020,icxpejwz64,80.0 solMass,,,,,,,,1.27
Warren_2020,w44zf3ukuq,100.0 solMass,,,,,,,,1.23
Warren_2020,qatni73qvd,100.0 solMass,,,,,,,,1.25
Warren_2020,xptmoekyig,100.0 solMass,,,,,,,,1.27
Warren_2020,prfkxwakcn,120.0 solMass,,,,,,,,1.23
Warren_2020,ejcn3kap7s,120.0 solMass,,,,,,,,1.25
Warren_2020,gyxwsiuzgt,120.0 solMass,,,,,,,,1.27
Zha_2021,qbhzknlkwb,16.0 solMass,,,,,,,,
Zha_2021,ypjk6dph3x,17.0 solMass,,,,,,,,
Zha_2021,2dobsq22re,18.0 solMass,,,,,,,,
Zha_2021,iz2hc6ljwy,19.0 solMass,,,,,,,,
Zha_2021,sgry7phetf,20.0 solMass,,,,,,,,
Zha_2021,yoj5zonbuc,21.0 solMass,,,,,,,,
Zha_2021,qb32yyg6zv,22.0 solMass,,,,,,,,
Zha_2021,42vuc5vg5v,23.0 solMass,,,,,,,,
Zha_2021,espovu4qaa,24.0 solMass,,,,,,,,
Zha_2021,2tjr6zx5si,25.0 solMass,,,,,,,,
Zha_2021,lwlt72l4dy,26.0 solMass,,,,,,,,
Zha_2021,l6n7cl2tvu,19.89 solMass,,,,,,,,
Zha_2021,7gtjfovfzy,22.39 solMass,,,,,,,,
Zha_2021,3ynpvtw6qa,30.0 solMass,,,,,,,,
Zha_2021,3kn3m5rnx7,33.0 solMass,,,,,,,,
